44,2018-03-28 04:07:31.547836,1,1831,1831
45,2018-03-28 04:07:31.668275,1,1832,1832
46,2018-03-28 04:07:31.788656,1,1833,1833
47,2018-03-28 04:07:31.903038,1,1834,1834
48,2018-03-28 04:07:32.013533,1,1835,1835
49,2018-03-28 04:07:32.128056,2,1836,1836
50,2018-03-28 04:07:32.268990,2,1837,1837
51,2018-03-28 04:07:32.402224,2,1838,1838
52,2018-03-28 04:07:32.500170,2,1839,1839
53,2018-03-28 04:07:32.636138,2,1840,1840
54,2018-03-28 04:07:32.786626,2,1841,1841
55,2018-03-28 04:07:32.893176,2,1842,1842
56,2018-03-28 04:07:33.010075,2,1843,1843
57,2018-03-28 04:07:33.121684,2,1844,1844
58,2018-03-28 04:07:33.235433,2,1845,1845
59,2018-03-28 04:07:33.340475,3,1846,1846
60,2018-03-28 04:07:33.464351,3,1847,1847
61,2018-03-28 04:07:33.602879,3,1848,1848
62,2018-03-28 04:07:33.721159,3,1849,1849
63,2018-03-28 04:07:33.841230,3,1850,1850
64,2018-03-28 04:07:33.967974,3,1851,1851
65,2018-03-28 04:07:34.084615,3,1852,1852
66,2018-03-28 04:07:34.196177,3,1853,1853
67,2018-03-28 04:07:34.316731,3,1854,1854
68,2018-03-28 04:07:34.432819,3,1855,1855
69,2018-03-28 04:07:34.542451,3,1856,1856
70,2018-03-28 04:07:34.653986,3,1857,1857
71,2018-03-28 04:07:34.765746,3,1858,1858
72,2018-03-28 04:07:34.885408,3,1859,1859
73,2018-03-28 04:07:34.999098,3,1860,1860
74,2018-03-28 04:07:35.116092,3,1861,1861
75,2018-03-28 04:07:35.234016,3,1862,1862
76,2018-03-28 04:07:35.367709,3,1863,1863
77,2018-03-28 04:07:35.505372,3,1864,1864
78,2018-03-28 04:07:35.641411,3,1865,1865
79,2018-03-28 04:07:35.771424,3,1866,1866
80,2018-03-28 04:07:35.891731,3,1867,1867
81,2018-03-28 04:07:36.007379,3,1868,1868
82,2018-03-28 04:07:36.116537,3,1869,1869
83,2018-03-28 04:07:36.234286,3,1870,1870
84,2018-03-28 04:07:36.358200,3,1871,1871
85,2018-03-28 04:07:36.478540,3,1872,1872
86,2018-03-28 04:07:36.598730,3,1873,1873
87,2018-03-28 04:07:36.725869,3,1874,1874
88,2018-03-28 04:07:36.844008,3,1875,1875
89,2018-03-28 04:07:36.974875,3,1876,1876
90,2018-03-28 04:07:37.098146,3,1877,1877
91,2018-03-28 04:07:37.223768,3,1878,1878
92,2018-03-28 04:07:37.344630,3,1879,1879
93,2018-03-28 04:07:37.474806,3,1880,1880
94,2018-03-28 04:07:37.582613,3,1881,1881
95,2018-03-28 04:07:37.676627,3,1882,1882
96,2018-03-28 04:07:37.808295,3,1883,1883
97,2018-03-28 04:07:37.930679,3,1884,1884
98,2018-03-28 04:07:38.036984,3,1885,1885
99,2018-03-28 04:07:38.154549,3,1886,1886
100,2018-03-28 04:07:38.279600,3,1887,1887
101,2018-03-28 04:07:38.434768,4,1888,1888
102,2018-03-28 04:07:38.547600,4,1889,1889
103,2018-03-28 04:07:38.673249,4,1890,1890
104,2018-03-28 04:07:38.780901,4,1891,1891
105,2018-03-28 04:54:04.623725,5,666,666
106,2018-03-28 06:27:38.736868,6,2215,2215
107,2018-03-28 06:27:38.844949,6,2216,2216
108,2018-03-28 06:27:38.941097,6,2217,2217
109,2018-03-28 06:32:05.930361,7,1601,1601
110,2018-03-28 06:32:05.972932,7,1602,1602
111,2018-03-28 06:32:06.008751,7,1603,1603
112,2018-03-28 06:32:06.051120,7,1604,1604
113,2018-03-28 06:32:06.096536,7,1606,1606
114,2018-03-28 06:32:06.137365,7,1607,1607
115,2018-03-28 06:32:06.192297,7,1608,1608
116,2018-03-28 06:32:06.234425,7,1610,1610
117,2018-03-28 06:32:06.287058,7,1611,1611
118,2018-03-28 06:32:06.330914,7,1612,1612
119,2018-03-28 06:32:06.384166,7,1613,1613
120,2018-03-28 06:32:06.431772,7,1616,1616
121,2018-03-28 06:32:06.480296,7,1617,1617
122,2018-03-28 06:32:06.526844,7,1620,1620
123,2018-03-28 06:32:06.575849,7,1621,1621
124,2018-03-28 06:32:06.623726,7,1622,1622
125,2018-03-28 06:32:06.676538,7,1623,1623
126,2018-03-28 06:32:06.721159,7,1624,1624
127,2018-03-28 06:32:06.762968,7,1625,1625
128,2018-03-28 06:32:06.809839,7,1627,1627
129,2018-03-28 06:32:06.856868,7,1628,1628
130,2018-03-28 06:32:06.911573,7,1630,1630
131,2018-03-28 06:32:06.952974,7,1635,1635
132,2018-03-28 06:32:07.004994,7,1637,1637
133,2018-03-28 06:32:07.049269,7,1639,1639
134,2018-03-28 06:32:07.091133,7,1640,1640
135,2018-03-28 06:32:07.145388,7,1641,1641
136,2018-03-28 06:32:07.193030,7,1643,1643
137,2018-03-28 06:32:07.246416,7,1644,1644
138,2018-03-28 06:32:07.293751,7,1645,1645
139,2018-03-28 06:32:07.336461,7,1646,1646
140,2018-03-28 06:32:07.383843,7,1647,1647
141,2018-03-28 06:32:07.420771,7,1650,1650
142,2018-03-28 06:32:07.477884,7,1651,1651
143,2018-03-28 06:32:07.527199,7,1653,1653
144,2018-03-28 06:32:07.586880,7,1655,1655
145,2018-03-28 06:32:07.636159,7,1656,1656
146,2018-03-28 06:32:07.682641,7,1657,1657
147,2018-03-28 06:32:07.725077,7,1659,1659
148,2018-03-28 06:32:07.761874,7,1661,1661
149,2018-03-28 06:32:07.820855,7,1665,1665
150,2018-03-28 06:32:07.881140,7,1667,1667
151,2018-03-28 06:32:07.926933,7,1673,1673
152,2018-03-28 06:32:07.971003,7,1676,1676
153,2018-03-28 06:32:08.013564,7,1677,1677
154,2018-03-28 06:32:08.061730,7,1678,1678
155,2018-03-28 06:32:08.103178,7,1683,1683
156,2018-03-28 06:32:08.163405,7,1684,1684
157,2018-03-28 06:32:08.210980,7,1686,1686
158,2018-03-28 06:32:08.257247,7,1689,1689
159,2018-03-28 06:32:08.312637,7,1690,1690
160,2018-03-28 06:32:08.354094,7,1694,1694
161,2018-03-28 06:32:08.406953,7,1696,1696
162,2018-03-28 06:32:08.455878,7,1697,1697
163,2018-03-28 06:32:08.509526,7,1698,1698
164,2018-03-28 06:32:08.556860,7,1702,1702
165,2018-03-28 06:32:08.601542,7,1704,1704
166,2018-03-28 06:32:08.646694,7,1706,1706
167,2018-03-28 06:32:08.688982,7,1708,1708
168,2018-03-28 06:32:08.736869,7,1710,1710
169,2018-03-28 06:32:08.785300,7,1712,1712
170,2018-03-28 06:32:08.826707,7,1713,1713
171,2018-03-28 06:32:08.875622,7,1714,1714
172,2018-03-28 06:32:08.923600,7,1715,1715
173,2018-03-28 06:32:08.965388,7,1716,1716
174,2018-03-28 06:32:09.017928,7,1717,1717
175,2018-03-28 06:32:09.066792,7,1722,1722
176,2018-03-28 06:32:09.121505,7,1724,1724
177,2018-03-28 06:32:09.167565,7,1725,1725
178,2018-03-28 06:32:09.223212,7,1726,1726
179,2018-03-28 06:32:09.264969,7,1727,1727
180,2018-03-28 06:32:09.312865,7,1729,1729
181,2018-03-28 06:32:09.366836,7,1730,1730
182,2018-03-28 06:32:09.402601,7,1731,1731
183,2018-03-28 06:32:09.450735,7,1732,1732
184,2018-03-28 06:32:09.497229,7,1734,1734
185,2018-03-28 06:32:09.551811,7,1735,1735
186,2018-03-28 06:32:09.605976,7,1736,1736
187,2018-03-28 06:32:09.647099,7,1737,1737
188,2018-03-28 06:32:09.707443,7,1741,1741
189,2018-03-28 06:32:09.761824,7,1743,1743
190,2018-03-28 06:32:09.821268,7,1744,1744
191,2018-03-28 06:32:09.880718,7,1745,1745
192,2018-03-28 06:32:09.929592,7,1748,1748
193,2018-03-28 06:32:09.979201,7,1749,1749
194,2018-03-28 06:32:10.025457,7,1751,1751
195,2018-03-28 06:32:10.084736,7,1752,1752
196,2018-03-28 06:32:10.145154,7,1754,1754
197,2018-03-28 06:32:10.193076,7,1755,1755
198,2018-03-28 06:32:10.240252,7,1757,1757
199,2018-03-28 06:32:10.282766,7,1758,1758
200,2018-03-28 06:32:10.342821,7,1765,1765
201,2018-03-28 06:32:10.384670,7,1771,1771
202,2018-03-28 06:32:10.444618,7,1774,1774
203,2018-03-28 06:32:10.486230,7,1775,1775
204,2018-03-28 06:32:10.533446,7,1777,1777
205,2018-03-28 06:32:10.576147,7,1720,1720
206,2018-03-28 06:32:10.616784,7,1781,1781
207,2018-03-28 06:32:10.659897,7,1783,1783
208,2018-03-28 06:32:10.702052,7,1785,1785
209,2018-03-28 06:32:10.789699,7,1487,1487
210,2018-03-28 06:32:10.837640,7,1398,1398
211,2018-03-28 06:32:10.875614,7,1489,1489
212,2018-03-28 06:32:10.922954,7,1490,1490
213,2018-03-28 06:32:10.970684,7,1401,1401
214,2018-03-28 06:32:11.012850,7,1402,1402
215,2018-03-28 06:32:11.060653,7,1403,1403
216,2018-03-28 06:32:11.107276,7,1404,1404
217,2018-03-28 06:32:11.159692,7,1405,1405
218,2018-03-28 06:32:11.205115,7,1493,1493
219,2018-03-28 06:32:11.241121,7,1494,1494
220,2018-03-28 06:32:11.287046,7,1307,1307
221,2018-03-28 06:32:11.330829,7,1407,1407
222,2018-03-28 06:32:11.377023,7,1409,1409
223,2018-03-28 06:32:11.414570,7,1496,1496
224,2018-03-28 06:32:11.454208,7,1410,1410
225,2018-03-28 06:32:11.497457,7,1412,1412
226,2018-03-28 06:32:11.535859,7,1499,1499
227,2018-03-28 06:32:11.587004,7,1500,1500
228,2018-03-28 06:32:11.627086,7,1502,1502
229,2018-03-28 06:32:11.667918,7,1415,1415
230,2018-03-28 06:32:11.715307,7,1317,1317
231,2018-03-28 06:32:11.765865,7,1319,1319
232,2018-03-28 06:32:11.814982,7,1416,1416
233,2018-03-28 06:32:11.856554,7,1320,1320
234,2018-03-28 06:32:11.904964,7,1418,1418
235,2018-03-28 06:32:11.952989,7,1420,1420
236,2018-03-28 06:32:11.995605,7,1421,1421
237,2018-03-28 06:32:12.042736,7,1509,1509
238,2018-03-28 06:32:12.090322,7,1327,1327
239,2018-03-28 06:32:12.137229,7,1423,1423
240,2018-03-28 06:32:12.174334,7,1424,1424
241,2018-03-28 06:32:12.222492,7,1335,1335
242,2018-03-28 06:32:12.275924,7,1432,1432
243,2018-03-28 06:32:12.317122,7,1514,1514
244,2018-03-28 06:32:12.365808,7,1342,1342
245,2018-03-28 06:32:12.413714,7,1516,1516
246,2018-03-28 06:32:12.456237,7,1517,1517
247,2018-03-28 06:32:12.510310,7,1343,1343
248,2018-03-28 06:32:12.551873,7,1344,1344
249,2018-03-28 06:32:12.605950,7,1518,1518
250,2018-03-28 06:32:12.646756,7,1519,1519
251,2018-03-28 06:32:12.687981,7,1347,1347
252,2018-03-28 06:32:12.731239,7,1437,1437
253,2018-03-28 06:32:12.767080,7,1350,1350
254,2018-03-28 06:32:12.822025,7,1438,1438
255,2018-03-28 06:32:12.863086,7,1522,1522
256,2018-03-28 06:32:12.916738,7,1352,1352
257,2018-03-28 06:32:12.976828,7,1440,1440
258,2018-03-28 06:32:13.024775,7,1354,1354
259,2018-03-28 06:32:13.077257,7,1527,1527
260,2018-03-28 06:32:13.120517,7,1441,1441
261,2018-03-28 06:32:13.174284,7,1357,1357
262,2018-03-28 06:32:13.222272,7,1529,1529
263,2018-03-28 06:32:13.270307,7,1445,1445
264,2018-03-28 06:32:13.324295,7,1364,1364
265,2018-03-28 06:32:13.366096,7,1365,1365
266,2018-03-28 06:32:13.414096,7,1446,1446
267,2018-03-28 06:32:13.455786,7,1447,1447
268,2018-03-28 06:32:13.504011,7,1531,1531
269,2018-03-28 06:32:13.545703,7,1368,1368
270,2018-03-28 06:32:13.586803,7,1448,1448
271,2018-03-28 06:32:13.635432,7,1533,1533
272,2018-03-28 06:32:13.683468,7,1371,1371
273,2018-03-28 06:32:13.731817,7,1449,1449
274,2018-03-28 06:32:13.773701,7,1372,1372
275,2018-03-28 06:32:13.822100,7,1450,1450
276,2018-03-28 06:32:13.869712,7,1452,1452
277,2018-03-28 06:32:13.911124,7,1536,1536
278,2018-03-28 06:32:13.965635,7,1537,1537
279,2018-03-28 06:32:14.012903,7,1455,1455
280,2018-03-28 06:32:14.061317,7,1457,1457
281,2018-03-28 06:32:14.114259,7,1458,1458
282,2018-03-28 06:32:14.156353,7,1374,1374
283,2018-03-28 06:32:14.210495,7,1375,1375
284,2018-03-28 06:32:14.257189,7,1459,1459
285,2018-03-28 06:32:14.311987,7,1461,1461
286,2018-03-28 06:32:14.366275,7,1378,1378
287,2018-03-28 06:32:14.414241,7,1540,1540
288,2018-03-28 06:32:14.473742,7,1462,1462
289,2018-03-28 06:32:14.527007,7,1463,1463
290,2018-03-28 06:32:14.569382,7,1380,1380
291,2018-03-28 06:32:14.616797,7,1381,1381
292,2018-03-28 06:32:14.704924,7,1542,1542
293,2018-03-28 06:32:14.746027,7,1385,1385
294,2018-03-28 06:32:14.791173,7,1545,1545
295,2018-03-28 06:32:14.837562,7,1386,1386
296,2018-03-28 06:32:14.886594,7,1468,1468
297,2018-03-28 06:32:14.934819,7,1469,1469
298,2018-03-28 06:32:14.987741,7,1387,1387
299,2018-03-28 06:32:15.036345,7,1548,1548
300,2018-03-28 06:32:15.085183,7,1388,1388
301,2018-03-28 06:32:15.126289,7,1471,1471
302,2018-03-28 06:32:15.167294,7,1552,1552
303,2018-03-28 06:32:15.217203,7,1553,1553
304,2018-03-28 06:32:15.264169,7,1473,1473
305,2018-03-28 06:32:15.306387,7,1474,1474
306,2018-03-28 06:32:15.347153,7,1389,1389
307,2018-03-28 06:32:15.395774,7,1555,1555
308,2018-03-28 06:32:15.436948,7,1390,1390
309,2018-03-28 06:32:15.479850,7,1556,1556
310,2018-03-28 06:32:15.529304,7,1476,1476
311,2018-03-28 06:32:15.569257,7,1477,1477
312,2018-03-28 06:32:15.616537,7,1478,1478
313,2018-03-28 06:32:15.664998,7,1479,1479
314,2018-03-28 06:32:15.708728,7,1558,1558
315,2018-03-28 06:32:15.744695,7,1560,1560
316,2018-03-28 06:32:15.780734,7,1561,1561
317,2018-03-28 06:32:15.822804,7,1562,1562
318,2018-03-28 06:32:15.864709,7,1482,1482
319,2018-03-28 06:32:15.906396,7,1392,1392
320,2018-03-28 06:32:15.948353,7,1563,1563
321,2018-03-28 06:32:15.991004,7,1564,1564
322,2018-03-28 06:32:16.036432,7,1565,1565
323,2018-03-28 06:32:16.074627,7,1566,1566
324,2018-03-28 06:32:16.113764,7,1483,1483
325,2018-03-28 06:32:16.150256,7,1567,1567
326,2018-03-28 06:32:16.188169,7,1568,1568
327,2018-03-28 06:32:16.222502,7,1484,1484
328,2018-03-28 06:32:16.265412,7,1569,1569
329,2018-03-28 06:32:16.304504,7,1485,1485
330,2018-03-28 06:32:16.346814,7,1570,1570
331,2018-03-28 06:32:16.391864,7,1573,1573
332,2018-03-28 06:32:16.443170,7,1574,1574
333,2018-03-28 06:32:16.483566,7,1577,1577
334,2018-03-28 06:32:16.533169,7,1578,1578
335,2018-03-28 06:32:16.590139,7,1580,1580
336,2018-03-28 06:32:16.641077,7,1581,1581
337,2018-03-28 06:32:16.694814,7,1582,1582
338,2018-03-28 06:32:16.764767,7,1584,1584
339,2018-03-28 06:32:16.814930,7,1588,1588
340,2018-03-28 06:32:16.874430,7,1590,1590
341,2018-03-28 06:32:16.922553,7,1593,1593
342,2018-03-28 06:32:16.976328,7,1030,1030
343,2018-03-28 06:32:17.035312,7,1031,1031
344,2018-03-28 06:32:17.086476,7,1032,1032
345,2018-03-28 06:32:17.146813,7,1036,1036
346,2018-03-28 06:32:17.203800,7,1038,1038
347,2018-03-28 06:32:17.252202,7,1041,1041
348,2018-03-28 06:32:17.299779,7,1042,1042
349,2018-03-28 06:32:17.353948,7,1044,1044
350,2018-03-28 06:32:17.401546,7,1045,1045
351,2018-03-28 06:32:17.443692,7,1049,1049
352,2018-03-28 06:32:17.491528,7,1050,1050
353,2018-03-28 06:32:17.533298,7,1056,1056
354,2018-03-28 06:32:17.581090,7,1062,1062
355,2018-03-28 06:32:17.616627,7,1065,1065
356,2018-03-28 06:32:17.658909,7,1068,1068
357,2018-03-28 06:32:17.695482,7,1069,1069
358,2018-03-28 06:32:17.736597,7,1071,1071
359,2018-03-28 06:32:17.777409,7,1073,1073
360,2018-03-28 06:32:17.821868,7,1079,1079
361,2018-03-28 06:32:17.860317,7,1084,1084
362,2018-03-28 06:32:17.904651,7,1086,1086
363,2018-03-28 06:32:17.950903,7,1087,1087
364,2018-03-28 06:32:17.997734,7,1088,1088
365,2018-03-28 06:32:18.042213,7,1089,1089
366,2018-03-28 06:32:18.083341,7,1091,1091
367,2018-03-28 06:32:18.126114,7,1093,1093
368,2018-03-28 06:32:18.166710,7,1097,1097
369,2018-03-28 06:32:18.215817,7,1105,1105
370,2018-03-28 06:32:18.256907,7,1106,1106
371,2018-03-28 06:32:18.311760,7,1109,1109
372,2018-03-28 06:32:18.359674,7,1110,1110
373,2018-03-28 06:32:18.403434,7,1116,1116
374,2018-03-28 06:32:18.445404,7,1117,1117
375,2018-03-28 06:32:18.481335,7,1119,1119
376,2018-03-28 06:32:18.523413,7,1122,1122
377,2018-03-28 06:32:18.558570,7,1124,1124
378,2018-03-28 06:32:18.600998,7,1125,1125
379,2018-03-28 06:32:18.648993,7,1127,1127
380,2018-03-28 06:32:18.690916,7,1128,1128
381,2018-03-28 06:32:18.732674,7,1135,1135
382,2018-03-28 06:32:18.775333,7,1140,1140
383,2018-03-28 06:32:18.816552,7,1142,1142
384,2018-03-28 06:32:18.864540,7,1144,1144
385,2018-03-28 06:32:18.912484,7,1145,1145
386,2018-03-28 06:32:18.948339,7,1149,1149
387,2018-03-28 06:32:18.989564,7,1150,1150
388,2018-03-28 06:32:19.028727,7,1152,1152
389,2018-03-28 06:32:19.073709,7,1155,1155
390,2018-03-28 06:32:19.120144,7,1159,1159
391,2018-03-28 06:32:19.164539,7,1160,1160
392,2018-03-28 06:32:19.206311,7,1162,1162
393,2018-03-28 06:32:19.246680,7,1163,1163
394,2018-03-28 06:32:19.287095,7,1164,1164
395,2018-03-28 06:32:19.349585,7,1172,1172
396,2018-03-28 06:32:19.399089,7,1176,1176
397,2018-03-28 06:32:19.439307,7,1180,1180
398,2018-03-28 06:32:19.485202,7,1181,1181
399,2018-03-28 06:32:19.531596,7,1182,1182
400,2018-03-28 06:32:19.581785,7,1183,1183
401,2018-03-28 06:32:19.633003,7,1185,1185
402,2018-03-28 06:32:19.686301,7,1186,1186
403,2018-03-28 06:32:19.733316,7,1187,1187
404,2018-03-28 06:32:19.806171,7,1188,1188
405,2018-03-28 06:32:19.851531,7,1190,1190
406,2018-03-28 06:32:19.902128,7,1191,1191
407,2018-03-28 06:32:19.950685,7,1192,1192
408,2018-03-28 06:32:20.009863,7,1194,1194
409,2018-03-28 06:32:20.057292,7,1198,1198
410,2018-03-28 06:32:20.105418,7,1199,1199
411,2018-03-28 06:32:20.144601,7,1200,1200
412,2018-03-28 06:32:20.195314,7,1204,1204
413,2018-03-28 06:32:20.236096,7,1205,1205
414,2018-03-28 06:32:20.281227,7,1208,1208
415,2018-03-28 06:32:20.333860,7,1209,1209
416,2018-03-28 06:32:20.381134,7,1212,1212
417,2018-03-28 06:32:20.429935,7,1213,1213
418,2018-03-28 06:32:20.471240,7,1215,1215
419,2018-03-28 06:32:20.514082,7,1216,1216
420,2018-03-28 06:32:20.560750,7,1217,1217
421,2018-03-28 06:32:20.602770,7,1219,1219
422,2018-03-28 06:32:20.646341,7,1220,1220
423,2018-03-28 06:32:20.689528,7,1222,1222
424,2018-03-28 06:32:20.740536,7,1225,1225
425,2018-03-28 06:32:20.785856,7,1230,1230
426,2018-03-28 06:32:20.830311,7,1231,1231
427,2018-03-28 06:32:20.882269,7,1232,1232
428,2018-03-28 06:32:20.930403,7,1237,1237
429,2018-03-28 06:32:20.977301,7,1238,1238
430,2018-03-28 06:32:21.026129,7,1239,1239
431,2018-03-28 06:32:21.074455,7,1240,1240
432,2018-03-28 06:32:21.122981,7,1243,1243
433,2018-03-28 06:32:21.175778,7,1244,1244
434,2018-03-28 06:32:21.220938,7,1246,1246
435,2018-03-28 06:32:21.269418,7,1249,1249
436,2018-03-28 06:32:21.311146,7,1251,1251
437,2018-03-28 06:32:21.353703,7,1255,1255
438,2018-03-28 06:32:21.395604,7,1259,1259
439,2018-03-28 06:32:21.443866,7,1264,1264
440,2018-03-28 06:32:21.486070,7,1267,1267
441,2018-03-28 06:32:21.534157,7,1270,1270
442,2018-03-28 06:32:21.576356,7,1271,1271
443,2018-03-28 06:32:21.612577,7,1272,1272
444,2018-03-28 06:32:21.648554,7,1276,1276
445,2018-03-28 06:32:21.690892,7,1277,1277
446,2018-03-28 06:32:21.736342,7,1278,1278
447,2018-03-28 06:32:21.778348,7,1284,1284
448,2018-03-28 06:32:21.817506,7,1287,1287
449,2018-03-28 06:32:21.856163,7,1292,1292
450,2018-03-28 06:32:21.898191,7,667,667
451,2018-03-28 06:32:21.933991,7,668,668
452,2018-03-28 06:32:21.979837,7,669,669
453,2018-03-28 06:32:22.029892,7,673,673
454,2018-03-28 06:32:22.070146,7,678,678
455,2018-03-28 06:32:22.119792,7,679,679
456,2018-03-28 06:32:22.154662,7,682,682
457,2018-03-28 06:32:22.194457,7,685,685
458,2018-03-28 06:32:22.232337,7,688,688
459,2018-03-28 06:32:22.273119,7,689,689
460,2018-03-28 06:32:22.317928,7,690,690
461,2018-03-28 06:32:22.356534,7,693,693
462,2018-03-28 06:32:22.405296,7,694,694
463,2018-03-28 06:32:22.453382,7,695,695
464,2018-03-28 06:32:22.506540,7,696,696
465,2018-03-28 06:32:22.550287,7,697,697
466,2018-03-28 06:32:22.592322,7,698,698
467,2018-03-28 06:32:22.634469,7,704,704
468,2018-03-28 06:32:22.682174,7,707,707
469,2018-03-28 06:32:22.734556,7,708,708
470,2018-03-28 06:32:22.777255,7,709,709
471,2018-03-28 06:32:22.824528,7,710,710
472,2018-03-28 06:32:22.863620,7,715,715
473,2018-03-28 06:32:22.920022,7,716,716
474,2018-03-28 06:32:22.967083,7,717,717
475,2018-03-28 06:32:23.011438,7,723,723
476,2018-03-28 06:32:23.052093,7,725,725
477,2018-03-28 06:32:23.091798,7,727,727
478,2018-03-28 06:32:23.147030,7,728,728
479,2018-03-28 06:32:23.193755,7,729,729
480,2018-03-28 06:32:23.235912,7,732,732
481,2018-03-28 06:32:23.284002,7,736,736
482,2018-03-28 06:32:23.333342,7,739,739
483,2018-03-28 06:32:23.392236,7,740,740
484,2018-03-28 06:32:23.434740,7,742,742
485,2018-03-28 06:32:23.476199,7,746,746
486,2018-03-28 06:32:23.524503,7,747,747
487,2018-03-28 06:32:23.573029,7,748,748
488,2018-03-28 06:32:23.624022,7,749,749
489,2018-03-28 06:32:23.669479,7,750,750
490,2018-03-28 06:32:23.717523,7,752,752
491,2018-03-28 06:32:23.768599,7,753,753
492,2018-03-28 06:32:23.819335,7,754,754
493,2018-03-28 06:32:23.869688,7,760,760
494,2018-03-28 06:32:23.926618,7,762,762
495,2018-03-28 06:32:23.970871,7,763,763
496,2018-03-28 06:32:24.033739,7,765,765
497,2018-03-28 06:32:24.084734,7,769,769
498,2018-03-28 06:32:24.146397,7,771,771
499,2018-03-28 06:32:24.188737,7,775,775
500,2018-03-28 06:32:24.242102,7,778,778
501,2018-03-28 06:32:24.281352,7,781,781
502,2018-03-28 06:32:24.329248,7,782,782
503,2018-03-28 06:32:24.371132,7,786,786
504,2018-03-28 06:32:24.419952,7,787,787
505,2018-03-28 06:32:24.473863,7,792,792
506,2018-03-28 06:32:24.509707,7,795,795
507,2018-03-28 06:32:24.557858,7,797,797
508,2018-03-28 06:32:24.605541,7,799,799
509,2018-03-28 06:32:24.658430,7,803,803
510,2018-03-28 06:32:24.700311,7,804,804
511,2018-03-28 06:32:24.736720,7,808,808
512,2018-03-28 06:32:24.780793,7,809,809
513,2018-03-28 06:32:24.820008,7,811,811
514,2018-03-28 06:32:24.858482,7,817,817
515,2018-03-28 06:32:24.903881,7,818,818
516,2018-03-28 06:32:24.948456,7,819,819
517,2018-03-28 06:32:24.993990,7,820,820
518,2018-03-28 06:32:25.041743,7,822,822
519,2018-03-28 06:32:25.083875,7,823,823
520,2018-03-28 06:32:25.131486,7,824,824
521,2018-03-28 06:32:25.173670,7,825,825
522,2018-03-28 06:32:25.231316,7,826,826
523,2018-03-28 06:32:25.277629,7,830,830
524,2018-03-28 06:32:25.336291,7,833,833
525,2018-03-28 06:32:25.383119,7,834,834
526,2018-03-28 06:32:25.419268,7,835,835
527,2018-03-28 06:32:25.472524,7,836,836
528,2018-03-28 06:32:25.520950,7,837,837
529,2018-03-28 06:32:25.568798,7,839,839
530,2018-03-28 06:32:25.605035,7,841,841
531,2018-03-28 06:32:25.701167,7,842,842
532,2018-03-28 06:32:25.748687,7,845,845
533,2018-03-28 06:32:25.784977,7,849,849
534,2018-03-28 06:32:25.839400,7,851,851
535,2018-03-28 06:32:25.880355,7,852,852
536,2018-03-28 06:32:25.930089,7,855,855
537,2018-03-28 06:32:25.970072,7,859,859
538,2018-03-28 06:32:26.001898,7,860,860
539,2018-03-28 06:32:26.041689,7,861,861
540,2018-03-28 06:32:26.081856,7,865,865
541,2018-03-28 06:32:26.140941,7,867,867
542,2018-03-28 06:32:26.189383,7,870,870
543,2018-03-28 06:32:26.235758,7,876,876
544,2018-03-28 06:32:26.273351,7,877,877
545,2018-03-28 06:32:26.321459,7,880,880
546,2018-03-28 06:32:26.357527,7,881,881
547,2018-03-28 06:32:26.405351,7,882,882
548,2018-03-28 06:32:26.448921,7,883,883
549,2018-03-28 06:32:26.494984,7,884,884
550,2018-03-28 06:32:26.536344,7,886,886
551,2018-03-28 06:32:26.577340,7,887,887
552,2018-03-28 06:32:26.617056,7,890,890
553,2018-03-28 06:32:26.668751,7,891,891
554,2018-03-28 06:32:26.710638,7,894,894
555,2018-03-28 06:32:26.751215,7,895,895
556,2018-03-28 06:32:26.792533,7,897,897
557,2018-03-28 06:32:26.836296,7,898,898
558,2018-03-28 06:32:26.882550,7,899,899
559,2018-03-28 06:32:26.926150,7,902,902
560,2018-03-28 06:32:26.966412,7,904,904
561,2018-03-28 06:32:27.015045,7,905,905
562,2018-03-28 06:32:27.053233,7,908,908
563,2018-03-28 06:32:27.097612,7,909,909
564,2018-03-28 06:32:27.135809,7,911,911
565,2018-03-28 06:32:27.179415,7,913,913
566,2018-03-28 06:32:27.227901,7,914,914
567,2018-03-28 06:32:27.269416,7,915,915
568,2018-03-28 06:32:27.311928,7,917,917
569,2018-03-28 06:32:27.346750,7,922,922
570,2018-03-28 06:32:27.384417,7,924,924
571,2018-03-28 06:32:27.425498,7,925,925
572,2018-03-28 06:32:27.462637,7,927,927
573,2018-03-28 06:32:27.510879,7,928,928
574,2018-03-28 06:32:27.556876,7,929,929
575,2018-03-28 06:32:27.599004,7,932,932
576,2018-03-28 06:32:27.640664,7,933,933
577,2018-03-28 06:32:27.676747,7,936,936
578,2018-03-28 06:32:27.712423,7,938,938
579,2018-03-28 06:32:27.745678,7,939,939
580,2018-03-28 06:32:27.786499,7,941,941
581,2018-03-28 06:32:27.820289,7,942,942
582,2018-03-28 06:32:27.868095,7,944,944
583,2018-03-28 06:32:27.904100,7,947,947
584,2018-03-28 06:32:27.940355,7,949,949
585,2018-03-28 06:32:27.994234,7,955,955
586,2018-03-28 06:32:28.030023,7,956,956
587,2018-03-28 06:32:28.071975,7,957,957
588,2018-03-28 06:32:28.113715,7,958,958
589,2018-03-28 06:32:28.149472,7,960,960
590,2018-03-28 06:32:28.196540,7,961,961
591,2018-03-28 06:32:28.239668,7,962,962
592,2018-03-28 06:32:28.284302,7,963,963
593,2018-03-28 06:32:28.333513,7,967,967
594,2018-03-28 06:32:28.379567,7,973,973
595,2018-03-28 06:32:28.422866,7,975,975
596,2018-03-28 06:32:28.465152,7,977,977
597,2018-03-28 06:32:28.506555,7,978,978
598,2018-03-28 06:32:28.548734,7,981,981
599,2018-03-28 06:32:28.591155,7,984,984
600,2018-03-28 06:32:28.632620,7,985,985
601,2018-03-28 06:32:28.672562,7,986,986
602,2018-03-28 06:32:28.717669,7,987,987
603,2018-03-28 06:32:28.760872,7,991,991
604,2018-03-28 06:32:28.802059,7,992,992
605,2018-03-28 06:32:28.848094,7,993,993
606,2018-03-28 06:32:28.892110,7,994,994
607,2018-03-28 06:32:28.937039,7,995,995
608,2018-03-28 06:32:28.976033,7,997,997
609,2018-03-28 06:32:29.021832,7,998,998
610,2018-03-28 06:32:29.063927,7,1000,1000
611,2018-03-28 06:32:29.105700,7,1001,1001
612,2018-03-28 06:32:29.146930,7,1002,1002
613,2018-03-28 06:32:29.195588,7,1003,1003
614,2018-03-28 06:32:29.241727,7,1006,1006
615,2018-03-28 06:32:29.285414,7,1007,1007
616,2018-03-28 06:32:29.325673,7,1008,1008
617,2018-03-28 06:32:29.369335,7,1009,1009
618,2018-03-28 06:32:29.423182,7,1016,1016
619,2018-03-28 06:32:29.476829,7,1022,1022
620,2018-03-28 06:32:29.524912,7,1028,1028
621,2018-03-28 06:32:29.572178,7,1948,1948
622,2018-03-28 06:32:29.622061,7,1974,1974
623,2018-03-28 06:32:29.670210,7,1975,1975
624,2018-03-28 06:32:29.716801,7,1949,1949
625,2018-03-28 06:32:29.756583,7,1911,1911
626,2018-03-28 06:32:29.806348,7,1899,1899
627,2018-03-28 06:32:29.862762,7,1926,1926
628,2018-03-28 06:32:29.904999,7,1927,1927
629,2018-03-28 06:32:29.960979,7,1929,1929
630,2018-03-28 06:32:30.015906,7,1964,1964
631,2018-03-28 06:32:30.062983,7,1916,1916
632,2018-03-28 06:32:30.105380,7,1917,1917
633,2018-03-28 06:32:30.149065,7,1950,1950
634,2018-03-28 06:32:30.191328,7,1930,1930
635,2018-03-28 06:32:30.237889,7,1931,1931
636,2018-03-28 06:32:30.281616,7,1967,1967
637,2018-03-28 06:32:30.327828,7,1901,1901
638,2018-03-28 06:32:30.371571,7,1934,1934
639,2018-03-28 06:32:30.413942,7,1936,1936
640,2018-03-28 06:32:30.451915,7,1987,1987
641,2018-03-28 06:32:30.492121,7,1902,1902
642,2018-03-28 06:32:30.538808,7,1903,1903
643,2018-03-28 06:32:30.582482,7,1906,1906
644,2018-03-28 06:32:30.624901,7,1938,1938
645,2018-03-28 06:32:30.670493,7,1940,1940
646,2018-03-28 06:32:30.712431,7,1969,1969
647,2018-03-28 06:32:30.755622,7,1988,1988
648,2018-03-28 06:32:30.802210,7,1989,1989
649,2018-03-28 06:32:30.839791,7,1990,1990
650,2018-03-28 06:32:30.880057,7,1908,1908
651,2018-03-28 06:32:30.922283,7,1910,1910
652,2018-03-28 06:32:30.964002,7,1944,1944
653,2018-03-28 06:32:31.004033,7,1977,1977
654,2018-03-28 06:32:31.053807,7,1978,1978
655,2018-03-28 06:32:31.096057,7,1979,1979
656,2018-03-28 06:32:31.137711,7,1980,1980
657,2018-03-28 06:32:31.184047,7,1981,1981
658,2018-03-28 06:32:31.223752,7,1991,1991
659,2018-03-28 06:32:31.272471,7,1992,1992
660,2018-03-28 06:32:31.323328,7,1996,1996
661,2018-03-28 06:32:31.362912,7,1997,1997
662,2018-03-28 06:32:31.419716,7,1998,1998
663,2018-03-28 06:32:31.466659,7,1999,1999
664,2018-03-28 06:32:31.519919,7,2000,2000
665,2018-03-28 06:32:31.573630,7,2001,2001
666,2018-03-28 06:32:31.617158,7,2002,2002
667,2018-03-28 06:32:31.666713,7,2003,2003
668,2018-03-28 06:32:31.706123,7,2004,2004
669,2018-03-28 06:32:31.752210,7,2006,2006
670,2018-03-28 06:32:31.796195,7,2007,2007
671,2018-03-28 06:32:31.835999,7,2009,2009
672,2018-03-28 06:32:31.884180,7,2011,2011
673,2018-03-28 06:32:31.934868,7,2012,2012
674,2018-03-28 06:32:31.986084,7,2013,2013
675,2018-03-28 06:32:32.030980,7,2014,2014
676,2018-03-28 06:32:32.076241,7,2015,2015
677,2018-03-28 06:32:32.124859,7,2016,2016
678,2018-03-28 06:32:32.169696,7,2017,2017
679,2018-03-28 06:32:32.221118,7,2018,2018
680,2018-03-28 06:32:32.265769,7,2019,2019
681,2018-03-28 06:32:32.311273,7,2020,2020
682,2018-03-28 06:32:32.356070,7,2021,2021
683,2018-03-28 06:32:32.400972,7,2022,2022
684,2018-03-28 06:32:32.452174,7,2023,2023
685,2018-03-28 06:32:32.494656,7,2024,2024
686,2018-03-28 06:32:32.548970,7,2025,2025
687,2018-03-28 06:32:32.593478,7,2026,2026
688,2018-03-28 06:32:32.644953,7,2028,2028
689,2018-03-28 06:32:32.686402,7,2029,2029
690,2018-03-28 06:32:32.736685,7,2032,2032
691,2018-03-28 06:32:32.776819,7,1913,1913
692,2018-03-28 06:32:32.817096,7,1914,1914
693,2018-03-28 06:32:32.860230,7,2034,2034
694,2018-03-28 06:32:32.906683,7,2035,2035
695,2018-03-28 06:32:32.956956,7,2036,2036
696,2018-03-28 06:32:33.000816,7,2037,2037
697,2018-03-28 06:32:33.050770,7,2041,2041
698,2018-03-28 06:32:33.101925,7,2042,2042
699,2018-03-28 06:32:33.152471,7,2044,2044
700,2018-03-28 06:32:33.194821,7,2048,2048
701,2018-03-28 06:32:33.243713,7,2049,2049
702,2018-03-28 06:32:33.284004,7,2051,2051
703,2018-03-28 06:32:33.327582,7,2053,2053
704,2018-03-28 06:32:33.374176,7,2054,2054
705,2018-03-28 06:32:33.416304,7,2055,2055
706,2018-03-28 06:32:33.458796,7,2056,2056
707,2018-03-28 06:32:33.500862,7,2057,2057
708,2018-03-28 06:32:33.544301,7,2058,2058
709,2018-03-28 06:32:33.591097,7,2064,2064
710,2018-03-28 06:32:33.634611,7,2068,2068
711,2018-03-28 06:32:33.682814,7,2069,2069
712,2018-03-28 06:32:33.723445,7,2071,2071
713,2018-03-28 06:32:33.760948,7,2075,2075
714,2018-03-28 06:32:33.808225,7,2078,2078
715,2018-03-28 06:32:33.851365,7,2079,2079
716,2018-03-28 06:32:33.899585,7,2084,2084
717,2018-03-28 06:32:33.946147,7,2086,2086
718,2018-03-28 06:32:33.989695,7,2088,2088
719,2018-03-28 06:32:34.042554,7,2089,2089
720,2018-03-28 06:32:34.083623,7,2094,2094
721,2018-03-28 06:32:34.125890,7,2095,2095
722,2018-03-28 06:32:34.174855,7,2097,2097
723,2018-03-28 06:32:34.221710,7,1993,1993
724,2018-03-28 06:32:34.269542,7,2099,2099
725,2018-03-28 06:32:34.317148,7,2101,2101
726,2018-03-28 06:32:34.365724,7,2102,2102
727,2018-03-28 06:32:34.416662,7,2103,2103
728,2018-03-28 06:32:34.463459,7,2104,2104
729,2018-03-28 06:32:34.517532,7,2105,2105
730,2018-03-28 06:32:34.559428,7,2107,2107
731,2018-03-28 06:32:34.602895,7,2108,2108
732,2018-03-28 06:32:34.650625,7,2110,2110
733,2018-03-28 06:32:34.706866,7,2112,2112
734,2018-03-28 06:32:34.753042,7,2116,2116
735,2018-03-28 06:32:34.808112,7,2117,2117
736,2018-03-28 06:32:34.860479,7,2118,2118
737,2018-03-28 06:32:34.914473,7,2119,2119
738,2018-03-28 06:32:34.962690,7,2122,2122
739,2018-03-28 06:32:35.019891,7,2134,2134
740,2018-03-28 06:32:35.064539,7,2135,2135
741,2018-03-28 06:32:35.113436,7,2137,2137
742,2018-03-28 06:32:35.164106,7,2138,2138
743,2018-03-28 06:32:35.222214,7,2140,2140
744,2018-03-28 06:32:35.272658,7,2144,2144
745,2018-03-28 06:32:35.316785,7,2149,2149
746,2018-03-28 06:32:35.362810,7,2154,2154
747,2018-03-28 06:32:35.411187,7,2156,2156
748,2018-03-28 06:32:35.456169,7,2157,2157
749,2018-03-28 06:32:35.506705,7,2160,2160
750,2018-03-28 06:32:35.552464,7,2162,2162
751,2018-03-28 06:32:35.596818,7,2163,2163
752,2018-03-28 06:32:35.640670,7,2164,2164
753,2018-03-28 06:32:35.681990,7,2171,2171
754,2018-03-28 06:32:35.730102,7,2174,2174
755,2018-03-28 06:32:35.770423,7,2175,2175
756,2018-03-28 06:32:35.818272,7,2178,2178
757,2018-03-28 06:32:35.868359,7,2180,2180
758,2018-03-28 06:32:35.916104,7,2182,2182
759,2018-03-28 06:32:35.958044,7,2184,2184
760,2018-03-28 06:32:36.001672,7,2185,2185
761,2018-03-28 06:32:36.048111,7,2186,2186
762,2018-03-28 06:32:36.089816,7,2187,2187
763,2018-03-28 06:32:36.131895,7,2188,2188
764,2018-03-28 06:32:36.179627,7,2191,2191
765,2018-03-28 06:32:36.216649,7,2196,2196
766,2018-03-28 06:32:36.255635,7,2198,2198
767,2018-03-28 06:32:36.300795,7,2199,2199
768,2018-03-28 06:32:36.359373,7,2202,2202
769,2018-03-28 06:32:36.401149,7,2203,2203
770,2018-03-28 06:32:36.442528,7,2204,2204
771,2018-03-28 06:32:36.487365,7,2205,2205
772,2018-03-28 06:32:36.527631,7,2206,2206
773,2018-03-28 06:32:36.568990,7,2207,2207
774,2018-03-28 06:32:36.608051,7,2208,2208
775,2018-03-28 06:32:36.641385,7,2210,2210
776,2018-03-28 06:32:36.686196,7,2211,2211
777,2018-03-28 06:32:36.731453,7,1594,1594
778,2018-03-28 06:32:36.779794,7,1595,1595
779,2018-03-28 06:32:36.818805,7,1596,1596
780,2018-03-28 06:32:36.858024,7,1597,1597
781,2018-03-28 06:32:36.901050,7,1598,1598
782,2018-03-28 06:32:36.939929,7,1599,1599
783,2018-03-28 06:32:36.981985,7,1600,1600
784,2018-03-28 06:32:37.026471,7,1605,1605
785,2018-03-28 06:32:37.074391,7,1609,1609
786,2018-03-28 06:32:37.119928,7,1614,1614
787,2018-03-28 06:32:37.167763,7,1615,1615
788,2018-03-28 06:32:37.204360,7,1618,1618
789,2018-04-21 12:37:31.173837,7,1619,1619
790,2018-03-28 06:32:37.292705,7,1626,1626
791,2018-03-28 06:32:37.345545,7,1629,1629
792,2018-03-28 06:32:37.386585,7,1631,1631
793,2018-03-28 06:32:37.438656,7,1632,1632
794,2018-03-28 06:32:37.485610,7,1633,1633
795,2018-03-28 06:32:37.536524,7,1634,1634
796,2018-03-28 06:32:37.581740,7,1636,1636
797,2018-03-28 06:32:37.629535,7,1638,1638
798,2018-03-28 06:32:37.676242,7,1642,1642
799,2018-03-28 06:32:37.720304,7,1648,1648
800,2018-03-28 06:32:37.765226,7,1649,1649
801,2018-03-28 06:32:37.810733,7,1652,1652
802,2018-03-28 06:32:37.851572,7,1654,1654
803,2018-03-28 06:32:37.897401,7,1658,1658
804,2018-03-28 06:32:37.941473,7,1660,1660
805,2018-03-28 06:32:37.996374,7,1662,1662
806,2018-03-28 06:32:38.039332,7,1663,1663
807,2018-03-28 06:32:38.087061,7,1664,1664
808,2018-03-28 06:32:38.135738,7,1666,1666
809,2018-03-28 06:32:38.176780,7,1668,1668
810,2018-03-28 06:32:38.225530,7,1669,1669
811,2018-03-28 06:32:38.267076,7,1670,1670
812,2018-03-28 06:32:38.310519,7,1671,1671
813,2018-03-28 06:32:38.352441,7,1672,1672
814,2018-03-28 06:32:38.391237,7,1674,1674
815,2018-03-28 06:32:38.436244,7,1675,1675
816,2018-03-28 06:32:38.484941,7,1679,1679
817,2018-03-28 06:32:38.532120,7,1680,1680
818,2018-03-28 06:32:38.575080,7,1681,1681
819,2018-03-28 06:32:38.613923,7,1682,1682
820,2018-03-28 06:32:38.659259,7,1685,1685
821,2018-03-28 06:32:38.697056,7,1687,1687
822,2018-03-28 06:32:38.746259,7,1688,1688
823,2018-03-28 06:32:38.796465,7,1691,1691
824,2018-03-28 06:32:38.836220,7,1692,1692
825,2018-03-28 06:32:38.874218,7,1693,1693
826,2018-03-28 06:32:38.911243,7,1695,1695
827,2018-03-28 06:32:38.958086,7,1699,1699
828,2018-03-28 06:32:39.001513,7,1700,1700
829,2018-03-28 06:32:39.042002,7,1701,1701
830,2018-03-28 06:32:39.089837,7,1703,1703
831,2018-03-28 06:32:39.125614,7,1705,1705
832,2018-03-28 06:32:39.161576,7,1707,1707
833,2018-03-28 06:32:39.203523,7,1709,1709
834,2018-03-28 06:32:39.251488,7,1711,1711
835,2018-03-28 06:32:39.299549,7,1718,1718
836,2018-03-28 06:32:39.347496,7,1719,1719
837,2018-03-28 06:32:39.396380,7,1720,1720
838,2018-03-28 06:32:39.440945,7,1721,1721
839,2018-03-28 06:32:39.480434,7,1723,1723
840,2018-03-28 06:32:39.525078,7,1728,1728
841,2018-03-28 06:32:39.573649,7,1733,1733
842,2018-03-28 06:32:39.622786,7,1738,1738
843,2018-03-28 06:32:39.669770,7,1739,1739
844,2018-03-28 06:32:39.710590,7,1740,1740
845,2018-03-28 06:32:39.754338,7,1742,1742
846,2018-03-28 06:32:39.789361,7,1746,1746
847,2018-03-28 06:32:39.826236,7,1747,1747
848,2018-03-28 06:32:39.868306,7,1750,1750
849,2018-03-28 06:32:39.916188,7,1753,1753
850,2018-03-28 06:32:39.958311,7,1756,1756
851,2018-03-28 06:32:40.008169,7,1759,1759
852,2018-03-28 06:32:40.053648,7,1760,1760
853,2018-03-28 06:32:40.102046,7,1761,1761
854,2018-03-28 06:32:40.139376,7,1762,1762
855,2018-03-28 06:32:40.185522,7,1763,1763
856,2018-03-28 06:32:40.234473,7,1764,1764
857,2018-03-28 06:32:40.273029,7,1766,1766
858,2018-03-28 06:32:40.322117,7,1767,1767
859,2018-03-28 06:32:40.368726,7,1768,1768
860,2018-03-28 06:32:40.413150,7,1769,1769
861,2018-03-28 06:32:40.453547,7,1770,1770
862,2018-03-28 06:32:40.496643,7,1772,1772
863,2018-03-28 06:32:40.536859,7,1773,1773
864,2018-03-28 06:32:40.582076,7,1776,1776
865,2018-03-28 06:32:40.637401,7,1778,1778
866,2018-03-28 06:32:40.679073,7,1779,1779
867,2018-03-28 06:32:40.728325,7,1782,1782
868,2018-03-28 06:32:40.772540,7,1784,1784
869,2018-03-28 06:32:40.826477,7,1786,1786
870,2018-03-28 06:32:40.894494,7,1396,1396
871,2018-03-28 06:32:40.950323,7,1397,1397
872,2018-03-28 06:32:40.996957,7,1486,1486
873,2018-03-28 06:32:41.042472,7,1298,1298
874,2018-03-28 06:32:41.086939,7,1299,1299
875,2018-03-28 06:32:41.133833,7,1300,1300
876,2018-03-28 06:32:41.176807,7,1399,1399
877,2018-03-28 06:32:41.225983,7,1488,1488
878,2018-03-28 06:32:41.266947,7,1400,1400
879,2018-03-28 06:32:41.307228,7,1491,1491
880,2018-03-28 06:32:41.357191,7,1301,1301
881,2018-03-28 06:32:41.411178,7,1302,1302
882,2018-03-28 06:32:41.457412,7,1492,1492
883,2018-03-28 06:32:41.515419,7,1303,1303
884,2018-03-28 06:32:41.561100,7,1406,1406
885,2018-03-28 06:32:41.604783,7,1304,1304
886,2018-03-28 06:32:41.645237,7,1305,1305
887,2018-03-28 06:32:41.693097,7,1306,1306
888,2018-03-28 06:32:41.749118,7,1495,1495
889,2018-03-28 06:32:41.791852,7,1308,1308
890,2018-03-28 06:32:41.835934,7,1309,1309
891,2018-03-28 06:32:41.882183,7,1408,1408
892,2018-03-28 06:32:41.928312,7,1310,1310
893,2018-03-28 06:32:41.975903,7,1497,1497
894,2018-03-28 06:32:42.024816,7,1411,1411
895,2018-03-28 06:32:42.074663,7,1311,1311
896,2018-03-28 06:32:42.122794,7,1413,1413
897,2018-03-28 06:32:42.173899,7,1312,1312
898,2018-03-28 06:32:42.217589,7,1414,1414
899,2018-03-28 06:32:42.258570,7,1498,1498
900,2018-03-28 06:32:42.297990,7,1313,1313
901,2018-03-28 06:32:42.342843,7,1314,1314
902,2018-03-28 06:32:42.394330,7,1315,1315
903,2018-03-28 06:32:42.439326,7,1316,1316
904,2018-03-28 06:32:42.490165,7,1501,1501
905,2018-03-28 06:32:42.532408,7,1503,1503
906,2018-03-28 06:32:42.571329,7,1504,1504
907,2018-03-28 06:32:42.610840,7,1318,1318
908,2018-03-28 06:32:42.655631,7,1505,1505
909,2018-03-28 06:32:42.700873,7,1417,1417
910,2018-03-28 06:32:42.745725,7,1321,1321
911,2018-03-28 06:32:42.788116,7,1419,1419
912,2018-03-28 06:32:42.827434,7,1322,1322
913,2018-03-28 06:32:42.866310,7,1323,1323
914,2018-03-28 06:32:42.905800,7,1324,1324
915,2018-03-28 06:32:42.946094,7,1325,1325
916,2018-03-28 06:32:42.989872,7,1422,1422
917,2018-03-28 06:32:43.035004,7,1326,1326
918,2018-03-28 06:32:43.071834,7,1506,1506
919,2018-03-28 06:32:43.119662,7,1507,1507
920,2018-03-28 06:32:43.163850,7,1508,1508
921,2018-03-28 06:32:43.209796,7,1510,1510
922,2018-03-28 06:32:43.251961,7,1511,1511
923,2018-03-28 06:32:43.296861,7,1328,1328
924,2018-03-28 06:32:43.336788,7,1329,1329
925,2018-03-28 06:32:43.387216,7,1330,1330
926,2018-03-28 06:32:43.435316,7,1425,1425
927,2018-03-28 06:32:43.477294,7,1331,1331
928,2018-03-28 06:32:43.523908,7,1426,1426
929,2018-03-28 06:32:43.569028,7,1332,1332
930,2018-03-28 06:32:43.614216,7,1427,1427
931,2018-03-28 06:32:43.664202,7,1333,1333
932,2018-03-28 06:32:43.713521,7,1512,1512
933,2018-03-28 06:32:43.760021,7,1428,1428
934,2018-03-28 06:32:43.803788,7,1334,1334
935,2018-03-28 06:32:43.849792,7,1336,1336
936,2018-03-28 06:32:43.907573,7,1337,1337
937,2018-03-28 06:32:43.975597,7,1429,1429
938,2018-03-28 06:32:44.014424,7,1430,1430
939,2018-03-28 06:32:44.065947,7,1338,1338
940,2018-03-28 06:32:44.110614,7,1431,1431
941,2018-03-28 06:32:44.155995,7,1513,1513
942,2018-03-28 06:32:44.207775,7,1339,1339
943,2018-03-28 06:32:44.255228,7,1340,1340
944,2018-03-28 06:32:44.309612,7,1341,1341
945,2018-03-28 06:32:44.356762,7,1433,1433
946,2018-03-28 06:32:44.407983,7,1515,1515
947,2018-03-28 06:32:44.453901,7,1434,1434
948,2018-03-28 06:32:44.499189,7,1435,1435
949,2018-03-28 06:32:44.546660,7,1436,1436
950,2018-03-28 06:32:44.592365,7,1345,1345
951,2018-03-28 06:32:44.643614,7,1346,1346
952,2018-03-28 06:32:44.691197,7,1348,1348
953,2018-03-28 06:32:44.734048,7,1349,1349
954,2018-03-28 06:32:44.779234,7,1520,1520
955,2018-03-28 06:32:44.826635,7,1521,1521
956,2018-03-28 06:32:44.869582,7,1351,1351
957,2018-03-28 06:32:44.913446,7,1523,1523
958,2018-03-28 06:32:44.953822,7,1524,1524
959,2018-03-28 06:32:44.997721,7,1525,1525
960,2018-03-28 06:32:45.043861,7,1526,1526
961,2018-03-28 06:32:45.081170,7,1439,1439
962,2018-03-28 06:32:45.122173,7,1353,1353
963,2018-03-28 06:32:45.167835,7,1355,1355
964,2018-03-28 06:32:45.214001,7,1356,1356
965,2018-03-28 06:32:45.263337,7,1528,1528
966,2018-03-28 06:32:45.304620,7,1358,1358
967,2018-03-28 06:32:45.347223,7,1359,1359
968,2018-03-28 06:32:45.387513,7,1442,1442
969,2018-03-28 06:32:45.425452,7,1360,1360
970,2018-03-28 06:32:45.465632,7,1530,1530
971,2018-03-28 06:32:45.511129,7,1361,1361
972,2018-03-28 06:32:45.556167,7,1443,1443
973,2018-03-28 06:32:45.594002,7,1362,1362
974,2018-03-28 06:32:45.630429,7,1363,1363
975,2018-03-28 06:32:45.672101,7,1444,1444
976,2018-03-28 06:32:45.708534,7,1366,1366
977,2018-03-28 06:32:45.744010,7,1367,1367
978,2018-03-28 06:32:45.787143,7,1532,1532
979,2018-03-28 06:32:45.821814,7,1369,1369
980,2018-03-28 06:32:45.863251,7,1370,1370
981,2018-03-28 06:32:45.899655,7,1534,1534
982,2018-03-28 06:32:45.935617,7,1535,1535
983,2018-03-28 06:32:45.980609,7,1451,1451
984,2018-03-28 06:32:46.013631,7,1453,1453
985,2018-03-28 06:32:46.052371,7,1454,1454
986,2018-03-28 06:32:46.089081,7,1538,1538
987,2018-03-28 06:32:46.128068,7,1456,1456
988,2018-03-28 06:32:46.166335,7,1373,1373
989,2018-03-28 06:32:46.200311,7,1539,1539
990,2018-03-28 06:32:46.238937,7,1376,1376
991,2018-03-28 06:32:46.285173,7,1460,1460
992,2018-03-28 06:32:46.325090,7,1377,1377
993,2018-03-28 06:32:46.369399,7,1379,1379
994,2018-03-28 06:32:46.412851,7,1541,1541
995,2018-03-28 06:32:46.459506,7,1382,1382
996,2018-03-28 06:32:46.501833,7,1464,1464
997,2018-03-28 06:32:46.556847,7,1383,1383
998,2018-03-28 06:32:46.597024,7,1465,1465
999,2018-03-28 06:32:46.646800,7,1543,1543
1000,2018-03-28 06:32:46.694425,7,1384,1384
1001,2018-03-28 06:32:46.737048,7,1466,1466
1002,2018-03-28 06:32:46.780579,7,1544,1544
1003,2018-03-28 06:32:46.826396,7,1467,1467
1004,2018-03-28 06:32:46.870673,7,1546,1546
1005,2018-03-28 06:32:46.913199,7,1547,1547
1006,2018-03-28 06:32:46.961059,7,1549,1549
1007,2018-03-28 06:32:47.003314,7,1550,1550
1008,2018-03-28 06:32:47.049940,7,1470,1470
1009,2018-03-28 06:32:47.097648,7,1551,1551
1010,2018-03-28 06:32:47.146050,7,1472,1472
1011,2018-03-28 06:32:47.195706,7,1554,1554
1012,2018-03-28 06:32:47.238322,7,1475,1475
1013,2018-03-28 06:32:47.284295,7,1557,1557
1014,2018-03-28 06:32:47.326974,7,1559,1559
1015,2018-03-28 06:32:47.367216,7,1391,1391
1016,2018-03-28 06:32:47.417036,7,1480,1480
1017,2018-03-28 06:32:47.472504,7,1481,1481
1018,2018-03-28 06:32:47.517502,7,1393,1393
1019,2018-03-28 06:32:47.562643,7,1394,1394
1020,2018-03-28 06:32:47.603320,7,1395,1395
1021,2018-03-28 06:32:47.646377,7,1571,1571
1022,2018-03-28 06:32:47.686691,7,1572,1572
1023,2018-03-28 06:32:47.740816,7,1575,1575
1024,2018-03-28 06:32:47.791249,7,1576,1576
1025,2018-03-28 06:32:47.837159,7,1579,1579
1026,2018-03-28 06:32:47.881795,7,1583,1583
1027,2018-03-28 06:32:47.918224,7,1585,1585
1028,2018-03-28 06:32:47.972645,7,1586,1586
1029,2018-03-28 06:32:48.020457,7,1587,1587
1030,2018-03-28 06:32:48.062825,7,1589,1589
1031,2018-03-28 06:32:48.104254,7,1591,1591
1032,2018-03-28 06:32:48.146809,7,1592,1592
1033,2018-03-28 06:32:48.187309,7,1033,1033
1034,2018-03-28 06:32:48.235261,7,1034,1034
1035,2018-03-28 06:32:48.271075,7,1035,1035
1036,2018-03-28 06:32:48.315042,7,1037,1037
1037,2018-03-28 06:32:48.357594,7,1039,1039
1038,2018-03-28 06:32:48.397459,7,1040,1040
1039,2018-03-28 06:32:48.441712,7,1043,1043
1040,2018-03-28 06:32:48.481619,7,1046,1046
1041,2018-03-28 06:32:48.519857,7,1047,1047
1042,2018-03-28 06:32:48.556133,7,1048,1048
1043,2018-03-28 06:32:48.602526,7,1051,1051
1044,2018-03-28 06:32:48.640510,7,1052,1052
1045,2018-03-28 06:32:48.686638,7,1053,1053
1046,2018-03-28 06:32:48.723956,7,1054,1054
1047,2018-03-28 06:32:48.764848,7,1055,1055
1048,2018-03-28 06:32:48.807391,7,1057,1057
1049,2018-03-28 06:32:48.845282,7,1058,1058
1050,2018-03-28 06:32:48.891724,7,1059,1059
1051,2018-03-28 06:32:48.935418,7,1060,1060
1052,2018-03-28 06:32:48.975680,7,1061,1061
1053,2018-03-28 06:32:49.018057,7,1063,1063
1054,2018-03-28 06:32:49.062073,7,1064,1064
1055,2018-03-28 06:32:49.102252,7,1066,1066
1056,2018-03-28 06:32:49.140216,7,1067,1067
1057,2018-03-28 06:32:49.186416,7,1070,1070
1058,2018-03-28 06:32:49.222601,7,1072,1072
1059,2018-03-28 06:32:49.264990,7,1074,1074
1060,2018-03-28 06:32:49.310979,7,1075,1075
1061,2018-03-28 06:32:49.354865,7,1076,1076
1062,2018-03-28 06:32:49.406495,7,1077,1077
1063,2018-03-28 06:32:49.451432,7,1078,1078
1064,2018-03-28 06:32:49.507262,7,1080,1080
1065,2018-03-28 06:32:49.556691,7,1081,1081
1066,2018-03-28 06:32:49.601823,7,1082,1082
1067,2018-03-28 06:32:49.641839,7,1083,1083
1068,2018-03-28 06:32:49.677954,7,1085,1085
1069,2018-03-28 06:32:49.730261,7,1090,1090
1070,2018-03-28 06:32:49.778047,7,1092,1092
1071,2018-03-28 06:32:49.829244,7,1094,1094
1072,2018-03-28 06:32:49.876483,7,1095,1095
1073,2018-03-28 06:32:49.925657,7,1096,1096
1074,2018-03-28 06:32:49.970996,7,1098,1098
1075,2018-03-28 06:32:50.015815,7,1099,1099
1076,2018-03-28 06:32:50.065491,7,1100,1100
1077,2018-03-28 06:32:50.112035,7,1101,1101
1078,2018-03-28 06:32:50.160502,7,1102,1102
1079,2018-03-28 06:32:50.215221,7,1103,1103
1080,2018-03-28 06:32:50.256260,7,1104,1104
1081,2018-03-28 06:32:50.300140,7,1107,1107
1082,2018-03-28 06:32:50.346443,7,1108,1108
1083,2018-03-28 06:32:50.386101,7,1111,1111
1084,2018-03-28 06:32:50.431188,7,1112,1112
1085,2018-03-28 06:32:50.497457,7,1113,1113
1086,2018-03-28 06:32:50.549777,7,1114,1114
1087,2018-03-28 06:32:50.593602,7,1115,1115
1088,2018-03-28 06:32:50.632965,7,1118,1118
1089,2018-03-28 06:32:50.676826,7,1120,1120
1090,2018-03-28 06:32:50.726021,7,1121,1121
1091,2018-03-28 06:32:50.776691,7,1123,1123
1092,2018-03-28 06:32:50.822440,7,1126,1126
1093,2018-03-28 06:32:50.861655,7,1129,1129
1094,2018-03-28 06:32:50.902644,7,1130,1130
1095,2018-03-28 06:32:50.944474,7,1131,1131
1096,2018-03-28 06:32:51.000522,7,1132,1132
1097,2018-03-28 06:32:51.042323,7,1133,1133
1098,2018-03-28 06:32:51.090534,7,1134,1134
1099,2018-03-28 06:32:51.132951,7,1136,1136
1100,2018-03-28 06:32:51.174152,7,1137,1137
1101,2018-03-28 06:32:51.209799,7,1138,1138
1102,2018-03-28 06:32:51.246189,7,1139,1139
1103,2018-03-28 06:32:51.294119,7,1141,1141
1104,2018-03-28 06:32:51.330177,7,1143,1143
1105,2018-03-28 06:32:51.371792,7,1146,1146
1106,2018-03-28 06:32:51.408370,7,1147,1147
1107,2018-03-28 06:32:51.444773,7,1148,1148
1108,2018-03-28 06:32:51.487499,7,1151,1151
1109,2018-03-28 06:32:51.529943,7,1153,1153
1110,2018-03-28 06:32:51.576340,7,1154,1154
1111,2018-03-28 06:32:51.614184,7,1156,1156
1112,2018-03-28 06:32:51.654399,7,1157,1157
1113,2018-03-28 06:32:51.697517,7,1158,1158
1114,2018-03-28 06:32:51.744651,7,1161,1161
1115,2018-03-28 06:32:51.790629,7,1165,1165
1116,2018-03-28 06:32:51.831059,7,1166,1166
1117,2018-03-28 06:32:51.874662,7,1167,1167
1118,2018-03-28 06:32:51.913492,7,1168,1168
1119,2018-03-28 06:32:51.958601,7,1169,1169
1120,2018-03-28 06:32:52.000510,7,1170,1170
1121,2018-03-28 06:32:52.042317,7,1171,1171
1122,2018-03-28 06:32:52.090383,7,1173,1173
1123,2018-03-28 06:32:52.135093,7,1174,1174
1124,2018-03-28 06:32:52.188921,7,1175,1175
1125,2018-03-28 06:32:52.236941,7,1177,1177
1126,2018-03-28 06:32:52.288720,7,1178,1178
1127,2018-03-28 06:32:52.330733,7,1179,1179
1128,2018-03-28 06:32:52.372526,7,1184,1184
1129,2018-03-28 06:32:52.420585,7,1189,1189
1130,2018-03-28 06:32:52.462406,7,1193,1193
1131,2018-03-28 06:32:52.510449,7,1195,1195
1132,2018-03-28 06:32:52.557140,7,1196,1196
1133,2018-03-28 06:32:52.600213,7,1197,1197
1134,2018-03-28 06:32:52.654063,7,1201,1201
1135,2018-03-28 06:32:52.696028,7,1202,1202
1136,2018-03-28 06:32:52.744008,7,1203,1203
1137,2018-03-28 06:32:52.791880,7,1206,1206
1138,2018-03-28 06:32:52.836514,7,1207,1207
1139,2018-03-28 06:32:52.881559,7,1210,1210
1140,2018-03-28 06:32:52.923672,7,1211,1211
1141,2018-03-28 06:32:52.971408,7,1214,1214
1142,2018-03-28 06:32:53.019458,7,1218,1218
1143,2018-03-28 06:32:53.070497,7,1221,1221
1144,2018-03-28 06:32:53.115164,7,1223,1223
1145,2018-03-28 06:32:53.163045,7,1224,1224
1146,2018-03-28 06:32:53.206912,7,1226,1226
1147,2018-03-28 06:32:53.249926,7,1227,1227
1148,2018-03-28 06:32:53.294726,7,1228,1228
1149,2018-03-28 06:32:53.337822,7,1229,1229
1150,2018-03-28 06:32:53.377224,7,1233,1233
1151,2018-03-28 06:32:53.432475,7,1234,1234
1152,2018-03-28 06:32:53.471322,7,1235,1235
1153,2018-03-28 06:32:53.512211,7,1236,1236
1154,2018-03-28 06:32:53.557104,7,1241,1241
1155,2018-03-28 06:32:53.596925,7,1242,1242
1156,2018-03-28 06:32:53.643946,7,1245,1245
1157,2018-03-28 06:32:53.686412,7,1247,1247
1158,2018-03-28 06:32:53.731831,7,1248,1248
1159,2018-03-28 06:32:53.770733,7,1250,1250
1160,2018-03-28 06:32:53.821341,7,1252,1252
1161,2018-03-28 06:32:53.866239,7,1253,1253
1162,2018-03-28 06:32:53.907235,7,1254,1254
1163,2018-03-28 06:32:53.956164,7,1256,1256
1164,2018-03-28 06:32:54.010320,7,1257,1257
1165,2018-03-28 06:32:54.068011,7,1258,1258
1166,2018-03-28 06:32:54.111034,7,1260,1260
1167,2018-03-28 06:32:54.162224,7,1261,1261
1168,2018-03-28 06:32:54.200908,7,1262,1262
1169,2018-03-28 06:32:54.242861,7,1263,1263
1170,2018-03-28 06:32:54.296730,7,1265,1265
1171,2018-03-28 06:32:54.335610,7,1266,1266
1172,2018-03-28 06:32:54.374503,7,1268,1268
1173,2018-03-28 06:32:54.421599,7,1269,1269
1174,2018-03-28 06:32:54.464304,7,1273,1273
1175,2018-03-28 06:32:54.503212,7,1274,1274
1176,2018-03-28 06:32:54.542306,7,1275,1275
1177,2018-03-28 06:32:54.584092,7,1279,1279
1178,2018-03-28 06:32:54.622926,7,1280,1280
1179,2018-03-28 06:32:54.673953,7,1281,1281
1180,2018-03-28 06:32:54.719021,7,1282,1282
1181,2018-03-28 06:32:54.751740,7,1283,1283
1182,2018-03-28 06:32:54.784614,7,1285,1285
1183,2018-03-28 06:32:54.823623,7,1286,1286
1184,2018-03-28 06:32:54.859537,7,1288,1288
1185,2018-03-28 06:32:54.895740,7,1289,1289
1186,2018-03-28 06:32:54.943434,7,1290,1290
1187,2018-03-28 06:32:54.979318,7,1291,1291
1188,2018-03-28 06:32:55.021212,7,1293,1293
1189,2018-03-28 06:32:55.069249,7,1294,1294
1190,2018-03-28 06:32:55.105096,7,1295,1295
1191,2018-03-28 06:32:55.149955,7,1296,1296
1192,2018-03-28 06:32:55.188910,7,1297,1297
1193,2018-03-28 06:32:55.230919,7,670,670
1194,2018-03-28 06:32:55.273999,7,671,671
1195,2018-03-28 06:32:55.326862,7,672,672
1196,2018-03-28 06:32:55.366297,7,674,674
1197,2018-03-28 06:32:55.414402,7,675,675
1198,2018-03-28 06:32:55.462446,7,677,677
1199,2018-03-28 06:32:55.504343,7,683,683
1200,2018-03-28 06:32:55.557026,7,686,686
1201,2018-03-28 06:32:55.596603,7,691,691
1202,2018-03-28 06:32:55.641971,7,692,692
1203,2018-03-28 06:32:55.683915,7,701,701
1204,2018-03-28 06:32:55.731972,7,702,702
1205,2018-03-28 06:32:55.779838,7,703,703
1206,2018-03-28 06:32:55.816962,7,712,712
1207,2018-03-28 06:32:55.869563,7,713,713
1208,2018-03-28 06:32:55.916796,7,714,714
1209,2018-03-28 06:32:55.965350,7,718,718
1210,2018-03-28 06:32:56.013202,7,719,719
1211,2018-03-28 06:32:56.066588,7,720,720
1212,2018-03-28 06:32:56.119499,7,721,721
1213,2018-03-28 06:32:56.163128,7,722,722
1214,2018-03-28 06:32:56.210854,7,724,724
1215,2018-03-28 06:32:56.252957,7,726,726
1216,2018-03-28 06:32:56.300781,7,730,730
1217,2018-03-28 06:32:56.342728,7,733,733
1218,2018-03-28 06:32:56.386875,7,735,735
1219,2018-03-28 06:32:56.441397,7,737,737
1220,2018-03-28 06:32:56.487162,7,738,738
1221,2018-03-28 06:32:56.543464,7,741,741
1222,2018-03-28 06:32:56.585111,7,743,743
1223,2018-03-28 06:32:56.630242,7,744,744
1224,2018-03-28 06:32:56.675050,7,755,755
1225,2018-03-28 06:32:56.725890,7,767,767
1226,2018-03-28 06:32:56.774381,7,768,768
1227,2018-03-28 06:32:56.824710,7,770,770
1228,2018-03-28 06:32:56.875558,7,772,772
1229,2018-03-28 06:32:56.914510,7,776,776
1230,2018-03-28 06:32:56.965352,7,780,780
1231,2018-03-28 06:32:57.016143,7,784,784
1232,2018-03-28 06:32:57.055108,7,785,785
1233,2018-03-28 06:32:57.096137,7,789,789
1234,2018-03-28 06:32:57.138107,7,791,791
1235,2018-03-28 06:32:57.188952,7,793,793
1236,2018-03-28 06:32:57.227871,7,798,798
1237,2018-03-28 06:32:57.270041,7,801,801
1238,2018-03-28 06:32:57.311686,7,802,802
1239,2018-03-28 06:32:57.347646,7,806,806
1240,2018-03-28 06:32:57.395944,7,807,807
1241,2018-03-28 06:32:57.431526,7,810,810
1242,2018-03-28 06:32:57.479623,7,812,812
1243,2018-03-28 06:32:57.521294,7,813,813
1244,2018-03-28 06:32:57.572116,7,814,814
1245,2018-03-28 06:32:57.614063,7,815,815
1246,2018-03-28 06:32:57.661990,7,816,816
1247,2018-03-28 06:32:57.709920,7,821,821
1248,2018-03-28 06:32:57.748910,7,827,827
1249,2018-03-28 06:32:57.799759,7,828,828
1250,2018-03-28 06:32:57.838708,7,829,829
1251,2018-03-28 06:32:57.889567,7,831,831
1252,2018-03-28 06:32:57.931397,7,832,832
1253,2018-03-28 06:32:57.979482,7,838,838
1254,2018-03-28 06:32:58.021274,7,840,840
1255,2018-03-28 06:32:58.063142,7,843,843
1256,2018-03-28 06:32:58.111115,7,844,844
1257,2018-03-28 06:32:58.152971,7,848,848
1258,2018-03-28 06:32:58.194903,7,850,850
1259,2018-03-28 06:32:58.242937,7,853,853
1260,2018-03-28 06:32:58.309908,7,854,854
1261,2018-03-28 06:32:58.366246,7,857,857
1262,2018-03-28 06:32:58.414471,7,858,858
1263,2018-03-28 06:32:58.465551,7,863,863
1264,2018-03-28 06:32:58.510413,7,864,864
1265,2018-03-28 06:32:58.564485,7,866,866
1266,2018-03-28 06:32:58.612190,7,868,868
1267,2018-03-28 06:32:58.660048,7,869,869
1268,2018-03-28 06:32:58.706859,7,871,871
1269,2018-03-28 06:32:58.755880,7,872,872
1270,2018-03-28 06:32:58.796837,7,878,878
1271,2018-03-28 06:32:58.839926,7,879,879
1272,2018-03-28 06:32:58.886721,7,888,888
1273,2018-03-28 06:32:58.929490,7,896,896
1274,2018-03-28 06:32:58.976594,7,901,901
1275,2018-03-28 06:32:59.025329,7,907,907
1276,2018-03-28 06:32:59.085176,7,916,916
1277,2018-03-28 06:32:59.133048,7,918,918
1278,2018-03-28 06:32:59.181050,7,919,919
1279,2018-03-28 06:32:59.219654,7,921,921
1280,2018-03-28 06:32:59.274738,7,923,923
1281,2018-03-28 06:32:59.317329,7,926,926
1282,2018-03-28 06:32:59.363825,7,930,930
1283,2018-03-28 06:32:59.414677,7,934,934
1284,2018-03-28 06:32:59.467190,7,935,935
1285,2018-03-28 06:32:59.510420,7,937,937
1286,2018-03-28 06:32:59.557202,7,940,940
1287,2018-03-28 06:32:59.603555,7,948,948
1288,2018-03-28 06:32:59.669236,7,950,950
1289,2018-03-28 06:32:59.719970,7,952,952
1290,2018-03-28 06:32:59.766880,7,953,953
1291,2018-03-28 06:32:59.809776,7,954,954
1292,2018-03-28 06:32:59.851787,7,959,959
1293,2018-03-28 06:32:59.899431,7,964,964
1294,2018-03-28 06:32:59.949548,7,965,965
1295,2018-03-28 06:32:59.991288,7,966,966
1296,2018-03-28 06:33:00.039600,7,970,970
1297,2018-03-28 06:33:00.088536,7,971,971
1298,2018-03-28 06:33:00.137590,7,972,972
1299,2018-03-28 06:33:00.175068,7,974,974
1300,2018-03-28 06:33:00.214216,7,976,976
1301,2018-03-28 06:33:00.254803,7,979,979
1302,2018-03-28 06:33:00.290796,7,980,980
1303,2018-03-28 06:33:00.332663,7,982,982
1304,2018-03-28 06:33:00.374543,7,983,983
1305,2018-03-28 06:33:00.410583,7,988,988
1306,2018-03-28 06:33:00.461636,7,989,989
1307,2018-03-28 06:33:00.500285,7,990,990
1308,2018-03-28 06:33:00.548197,7,996,996
1309,2018-03-28 06:33:00.587635,7,999,999
1310,2018-03-28 06:33:00.626117,7,1004,1004
1311,2018-03-28 06:33:00.659172,7,1005,1005
1312,2018-03-28 06:33:00.707100,7,1010,1010
1313,2018-03-28 06:33:00.745953,7,1011,1011
1314,2018-03-28 06:33:00.787796,7,1012,1012
1315,2018-03-28 06:33:00.829670,7,1013,1013
1316,2018-03-28 06:33:00.871617,7,1014,1014
1317,2018-03-28 06:33:00.910700,7,1015,1015
1318,2018-03-28 06:33:00.946969,7,1017,1017
1319,2018-03-28 06:33:00.985322,7,1018,1018
1320,2018-03-28 06:33:01.027299,7,1019,1019
1321,2018-03-28 06:33:01.069272,7,1020,1020
1322,2018-03-28 06:33:01.111132,7,1021,1021
1323,2018-03-28 06:33:01.159137,7,1023,1023
1324,2018-03-28 06:33:01.194965,7,1024,1024
1325,2018-03-28 06:33:01.236848,7,1025,1025
1326,2018-03-28 06:33:01.276411,7,1026,1026
1327,2018-03-28 06:33:01.324756,7,1027,1027
1328,2018-03-28 06:33:01.366318,7,1029,1029
1329,2018-03-28 06:33:01.404662,7,2005,2005
1330,2018-03-28 06:33:01.446413,7,2008,2008
1331,2018-03-28 06:33:01.503446,7,2033,2033
1332,2018-03-28 06:33:01.539485,7,2038,2038
1333,2018-03-28 06:33:01.590097,7,2039,2039
1334,2018-03-28 06:33:01.637365,7,2040,2040
1335,2018-03-28 06:33:01.681502,7,2043,2043
1336,2018-03-28 06:33:01.725660,7,2045,2045
1337,2018-03-28 06:33:01.765056,7,2046,2046
1338,2018-03-28 06:33:01.799698,7,2047,2047
1339,2018-03-28 06:33:01.839173,7,1951,1951
1340,2018-03-28 06:33:01.885040,7,2060,2060
1341,2018-03-28 06:33:01.929531,7,2061,2061
1342,2018-03-28 06:33:01.971531,7,2062,2062
1343,2018-03-28 06:33:02.016188,7,2063,2063
1344,2018-03-28 06:33:02.053968,7,2065,2065
1345,2018-03-28 06:33:02.096362,7,2066,2066
1346,2018-03-28 06:33:02.144156,7,2067,2067
1347,2018-03-28 06:33:02.183716,7,2070,2070
1348,2018-03-28 06:33:02.232050,7,2072,2072
1349,2018-03-28 06:33:02.273622,7,2073,2073
1350,2018-03-28 06:33:02.324723,7,2074,2074
1351,2018-03-28 06:33:02.377247,7,2080,2080
1352,2018-03-28 06:33:02.416527,7,2081,2081
1353,2018-03-28 06:33:02.468273,7,2082,2082
1354,2018-03-28 06:33:02.517764,7,2083,2083
1355,2018-03-28 06:33:02.564223,7,2090,2090
1356,2018-03-28 06:33:02.608897,7,2091,2091
1357,2018-03-28 06:33:02.654113,7,2093,2093
1358,2018-03-28 06:33:02.697486,7,2096,2096
1359,2018-03-28 06:33:02.740487,7,2098,2098
1360,2018-03-28 06:33:02.785872,7,2106,2106
1361,2018-03-28 06:33:02.824355,7,2109,2109
1362,2018-03-28 06:33:02.875618,7,2111,2111
1363,2018-03-28 06:33:02.926142,7,2113,2113
1364,2018-03-28 06:33:02.976683,7,2114,2114
1365,2018-03-28 06:33:03.022087,7,2115,2115
1366,2018-03-28 06:33:03.066531,7,2120,2120
1367,2018-03-28 06:33:03.115049,7,2121,2121
1368,2018-03-28 06:33:03.153778,7,2123,2123
1369,2018-03-28 06:33:03.200994,7,2124,2124
1370,2018-03-28 06:33:03.237036,7,2125,2125
1371,2018-03-28 06:33:03.278807,7,2126,2126
1372,2018-03-28 06:33:03.314700,7,2127,2127
1373,2018-03-28 06:33:03.359806,7,2128,2128
1374,2018-03-28 06:33:03.410127,7,2129,2129
1375,2018-03-28 06:33:03.446522,7,2130,2130
1376,2018-03-28 06:33:03.497863,7,2131,2131
1377,2018-03-28 06:33:03.536324,7,2132,2132
1378,2018-03-28 06:33:03.590256,7,2133,2133
1379,2018-03-28 06:33:03.629260,7,2136,2136
1380,2018-03-28 06:33:03.668023,7,2139,2139
1381,2018-03-28 06:33:03.719321,7,2141,2141
1382,2018-03-28 06:33:03.755250,7,2142,2142
1383,2018-03-28 06:33:03.809173,7,2143,2143
1384,2018-03-28 06:33:03.856949,7,2145,2145
1385,2018-03-28 06:33:03.910909,7,2146,2146
1386,2018-03-28 06:33:03.952704,7,2147,2147
1387,2018-03-28 06:33:04.006748,7,2148,2148
1388,2018-03-28 06:33:04.060554,7,2150,2150
1389,2018-03-28 06:33:04.105092,7,2151,2151
1390,2018-03-28 06:33:04.148134,7,2152,2152
1391,2018-03-28 06:33:04.188994,7,2153,2153
1392,2018-03-28 06:33:04.236885,7,2155,2155
1393,2018-03-28 06:33:04.282922,7,2158,2158
1394,2018-03-28 06:33:04.340146,7,2159,2159
1395,2018-03-28 06:33:04.390643,7,2161,2161
1396,2018-03-28 06:33:04.438059,7,2165,2165
1397,2018-03-28 06:33:04.494687,7,2166,2166
1398,2018-03-28 06:33:04.543375,7,2167,2167
1399,2018-03-28 06:33:04.587164,7,2169,2169
1400,2018-03-28 06:33:04.639600,7,2170,2170
1401,2018-03-28 06:33:04.684115,7,2172,2172
1402,2018-03-28 06:33:04.745061,7,2173,2173
1403,2018-03-28 06:33:04.796845,7,2176,2176
1404,2018-03-28 06:33:04.839778,7,2177,2177
1405,2018-03-28 06:33:04.896099,7,2179,2179
1406,2018-03-28 06:33:04.943652,7,2181,2181
1407,2018-03-28 06:33:04.985361,7,2183,2183
1408,2018-03-28 06:33:05.034609,7,2189,2189
1409,2018-03-28 06:33:05.085256,7,2190,2190
1410,2018-03-28 06:33:05.124088,7,2192,2192
1411,2018-03-28 06:33:05.177036,7,2193,2193
1412,2018-03-28 06:33:05.226096,7,2194,2194
1413,2018-03-28 06:33:05.276813,7,2195,2195
1414,2018-03-28 06:33:05.326940,7,2197,2197
1415,2018-03-28 06:33:05.375489,7,2200,2200
1416,2018-03-28 06:33:05.429776,7,2201,2201
1417,2018-03-28 06:33:05.486119,7,2209,2209
1418,2018-03-28 06:33:05.536727,7,2213,2213
1419,2018-03-28 06:33:05.596700,7,2214,2214
4283,2018-03-28 15:07:20.565964,8,1846,1846
4284,2018-04-05 14:55:00.184543,9,2425,2425
4285,2018-03-28 15:23:06.768478,10,2404,2404
4286,2018-03-28 15:23:50.985708,11,1855,1855
4287,2018-04-01 09:29:25.836855,12,1837,1837
4288,2018-04-01 09:29:42.976590,15,1836,1836
4289,2018-04-01 09:30:16.209165,14,2405,2405
4290,2018-04-05 15:14:22.808123,13,2407,2407
4291,2018-04-02 00:39:35.652316,16,2406,2406
4292,2018-04-02 00:39:35.842896,18,2407,2407
4293,2018-04-02 00:39:35.988045,18,2408,2408
4294,2018-04-02 00:39:36.202172,20,2409,2409
4295,2018-04-02 00:39:36.337601,16,2410,2410
4296,2018-04-02 00:39:36.486670,20,2411,2411
4297,2018-04-02 00:39:36.686714,22,2412,2412
4298,2018-04-02 00:39:36.871390,20,2413,2413
4299,2018-04-02 00:39:37.025129,22,2414,2414
4300,2018-04-02 00:39:37.187327,16,2415,2415
4301,2018-04-02 00:39:37.318276,20,2416,2416
4302,2018-04-02 00:39:37.506222,25,2417,2417
4303,2018-04-02 00:39:37.673374,18,2418,2418
4304,2018-04-02 00:39:37.860121,28,2419,2419
4305,2018-04-02 00:39:37.982818,16,2420,2420
4306,2018-04-02 00:39:38.110497,20,2421,2421
4307,2018-04-02 00:39:38.275083,16,2422,2422
4308,2018-04-02 00:39:38.435916,16,2423,2423
4309,2018-04-02 00:39:38.640078,30,2424,2424
4310,2018-04-02 00:39:38.838324,18,2425,2425
4311,2018-04-02 00:39:38.992106,16,2426,2426
4312,2018-04-02 00:39:39.173855,30,2427,2427
4313,2018-04-02 00:39:39.327090,32,2428,2428
4314,2018-04-02 00:39:39.472505,18,2429,2429
4315,2018-04-02 00:39:39.621577,22,2430,2430
4316,2018-04-02 00:39:39.777059,22,2431,2431
4317,2018-04-02 00:39:39.903266,28,2432,2432
4318,2018-04-02 00:39:40.034914,30,2433,2433
4319,2018-04-02 00:39:40.191385,34,2434,2434
4320,2018-04-02 00:39:40.328281,25,2435,2435
4321,2018-04-02 00:39:40.477969,20,2436,2436
4322,2018-04-02 00:39:40.626700,20,2437,2437
4323,2018-04-02 00:49:35.469372,20,2439,2439
4324,2018-04-02 00:49:35.644302,22,2440,2440
4325,2018-04-02 00:49:35.798388,22,2441,2441
4326,2018-04-02 00:49:35.924904,22,2442,2442
4327,2018-04-02 00:49:36.069356,22,2443,2443
4328,2018-04-02 00:49:36.275180,34,2444,2444
4329,2018-04-02 00:49:36.441488,34,2445,2445
4330,2018-04-02 00:49:36.595378,34,2446,2446
4331,2018-04-02 00:49:36.760675,18,2447,2447
4332,2018-04-02 00:49:36.920744,18,2448,2448
4333,2018-04-02 00:49:37.091187,16,2449,2449
4334,2018-04-02 00:49:37.255331,36,2450,2450
4335,2018-04-02 00:49:37.390462,18,2451,2451
4336,2018-04-02 00:49:37.526042,18,2452,2452
4337,2018-04-02 00:49:37.661153,18,2453,2453
4338,2018-04-02 00:49:37.808073,18,2454,2454
4339,2018-04-02 00:49:37.947721,18,2455,2455
4345,2018-04-03 19:35:18.105341,37,1361,1361
4349,2018-04-03 19:39:50.699338,37,1385,1385
4350,2018-04-03 19:40:56.464032,39,1385,1385
4351,2018-04-03 19:41:02.077374,40,2102,2102
4352,2018-04-03 19:45:58.383994,38,1837,1837
4353,2018-04-03 20:34:41.151623,40,2457,2457
4354,2018-04-03 23:35:10.978605,41,1855,1855
4355,2018-04-21 19:25:32.802131,42,2458,2458
4356,2018-04-20 01:39:11.963195,1,1892,1892
4357,2018-04-21 12:40:35.227391,43,1619,1619
4358,2018-04-21 13:08:43.177693,7,1619,1619
4359,2018-04-21 12:48:36.576176,6,2461,2461
4360,2018-04-21 23:13:20.728488,39,1727,1727
4361,2018-04-30 07:54:03.034063,45,666,666
4362,2018-04-30 07:54:19.954151,44,1836,1836
4364,2018-04-30 08:05:22.804391,47,1838,1838
4365,2018-04-30 08:06:50.267026,48,1840,1840
4366,2018-04-30 08:09:57.884259,55,1844,1844
4367,2018-04-30 08:10:10.228267,54,2420,2420
4368,2018-04-30 08:11:29.613179,17,2450,2450
4369,2018-04-30 08:14:19.338733,52,1835,1835
4370,2018-04-30 08:14:54.495215,53,2458,2458
4371,2018-04-30 08:15:39.096676,50,2411,2411
4372,2018-04-30 08:16:40.548009,51,2440,2440
4373,2018-04-30 08:18:52.996026,49,1879,1879
4374,2018-04-30 08:38:58.123908,56,1309,1309
4375,2018-04-30 08:38:58.149215,57,1034,1034
